{"cameraMode":{"drawMode":0,"name":"Shaded","section":"Shading Mode"},"sceneLighting":false,"audioPlay":false,"sceneViewState":{"showFog":true,"showMaterialUpdate":false,"showSkybox":true,"showFlares":true,"showImageEffects":true,"showParticleSystems":true},"in2DMode":false,"pivot":{"x":-4.108983993530273,"y":0.5078725814819336,"z":-115.87834167480469},"rotation":{"x":-0.09593703597784043,"y":0.3090970814228058,"z":-0.031357575207948688,"w":-0.9456774592399597},"size":5.748163223266602,"orthographic":false}